{"0":{"uid":"e223c844-9e88-4c9e-8a06-f2aaf5f904b4","name":"section_1","base_x":547600.0,"base_y":5064400.0,"base_z":0.0,"end_x":548885.5752,"end_y":5062867.9110000003,"end_z":0.0,"normal_x":-0.7660444714,"normal_y":-0.642787576,"normal_z":0.0,"azimuth":140.00000252,"length":2000.0000746937,"top":1000.0,"bottom":-1000.0},"1":{"uid":"fdcb64d7-bbb1-4364-ae42-8cc17812a01b","name":"section_2","base_x":547600.0,"base_y":5064600.0,"base_z":0.0,"end_x":548885.5752,"end_y":5063067.9110000003,"end_z":0.0,"normal_x":-0.7660444714,"normal_y":-0.642787576,"normal_z":0.0,"azimuth":140.00000252,"length":2000.0000746937,"top":1000.0,"bottom":-1000.0},"2":{"uid":"98f1413b-d896-4480-8829-c5f710096c03","name":"section_3","base_x":547600.0,"base_y":5064400.0,"base_z":0.0,"end_x":548600.0,"end_y":5064400.0,"end_z":0.0,"normal_x":1.224646799e-16,"normal_y":-1.0,"normal_z":0.0,"azimuth":90.0,"length":1000.0,"top":1000.0,"bottom":-1000.0}}